{
    "copyright": "Copyright (c) 2017, 2019, Oracle Corporation and/or its affiliates.  All rights reserved.",
    "license": "Licensed under the Universal Permissive License v 1.0 as shown at https://oss.oracle.com/licenses/upl",
    "name": "WLS",
    "description": "WLS type domain definitions",
    "versions": {
        "10.3.6": "WLS_11G",
        "12.1.1": "WLS_11G",
        "12.1.2": "WLS_12CR1",
        "12.1.3": "WLS_12CR1",
        "12.2.1": "WLS_12CR2",
        "12.2.1.3": "WLS_12CR2",
        "12.2.1.4": "WLS_12CR2",
        "14.1":     "WLS_14"
    },
    "definitions": {
        "WLS_11G": {
            "baseTemplate": "@@WL_HOME@@/common/templates/domains/wls.jar",
            "extensionTemplates": [ ],
            "customExtensionTemplates": [ ],
            "serverGroupsToTarget": [ ],
            "rcuSchemas": [ ]
        },
        "WLS_12CR1": {
            "baseTemplate": "@@WL_HOME@@/common/templates/wls/wls.jar",
            "extensionTemplates": [ ],
            "customExtensionTemplates": [ ],
            "serverGroupsToTarget": [ ],
            "rcuSchemas": [ ]
        },
        "WLS_12CR2": {
            "baseTemplate": "Basic WebLogic Server Domain",
            "extensionTemplates": [ ],
            "customExtensionTemplates": [ ],
            "serverGroupsToTarget": [ ],
            "rcuSchemas": [ ]
        },
        "WLS_14": {
            "baseTemplate": "Basic WebLogic Server Domain",
            "extensionTemplates": [ ],
            "customExtensionTemplates": [ ],
            "serverGroupsToTarget": [ ],
            "rcuSchemas": [ ]
        }
    }
}
